Name,Number,Normal,Fire,Water,Electric,Grass,Ice,Fighting,Poison,Ground,Flying,Psychic,Bug,Rock,Ghost,Dragon,Dark,Steel,Fairy
Bulbasaur,#001,*1,*2,*0.5,*0.5,*0.25,*2,*0.5,*1,*1,*2,*2,*1,*1,*1,*1,*1,*1,*0.5
Ivysaur,#002,*1,*2,*0.5,*0.5,*0.25,*2,*0.5,*1,*1,*2,*2,*1,*1,*1,*1,*1,*1,*0.5
Venusaur,#003,*1,*2,*0.5,*0.5,*0.25,*2,*0.5,*1,*1,*2,*2,*1,*1,*1,*1,*1,*1,*0.5
Charmander,#004,*1,*0.5,*2,*1,*0.5,*0.5,*1,*1,*2,*1,*1,*0.5,*2,*1,*1,*1,*0.5,*0.5
Charmeleon,#005,*1,*0.5,*2,*1,*0.5,*0.5,*1,*1,*2,*1,*1,*0.5,*2,*1,*1,*1,*0.5,*0.5
Charizard,#006,*1,*0.5,*2,*2,*0.25,*1,*0.5,*1,*0,*1,*1,*0.25,*4,*1,*1,*1,*0.5,*0.5
Squirtle,#007,*1,*0.5,*0.5,*2,*2,*0.5,*1,*1,*1,*1,*1,*1,*1,*1,*1,*1,*0.5,*1
Wartortle,#008,*1,*0.5,*0.5,*2,*2,*0.5,*1,*1,*1,*1,*1,*1,*1,*1,*1,*1,*0.5,*1
Blastoise,#009,*1,*0.5,*0.5,*2,*2,*0.5,*1,*1,*1,*1,*1,*1,*1,*1,*1,*1,*0.5,*1
Caterpie,#010,*1,*2,*1,*1,*0.5,*1,*0.5,*1,*0.5,*2,*1,*1,*2,*1,*1,*1,*1,*1
Metapod,#011,*1,*2,*1,*1,*0.5,*1,*0.5,*1,*0.5,*2,*1,*1,*2,*1,*1,*1,*1,*1
Butterfree,#012,*1,*2,*1,*2,*0.25,*2,*0.25,*1,*0,*2,*1,*0.5,*4,*1,*1,*1,*1,*1
Pikachu,#025,*1,*1,*1,*0.5,*1,*1,*1,*1,*2,*0.5,*1,*1,*1,*1,*1,*1,*0.5,*1
Raichu,#026,*1,*1,*1,*0.5,*1,*1,*1,*1,*2,*0.5,*1,*1,*1,*1,*1,*1,*0.5,*1
Raichu Alola Form,#026,*1,*1,*1,*0.5,*1,*1,*0.5,*1,*2,*0.5,*0.5,*2,*1,*2,*1,*2,*0.5,*1
Sandshrew,#027,*1,*1,*2,*0,*2,*2,*1,*0.5,*1,*1,*1,*1,*0.5,*1,*1,*1,*1,*1
Sandshrew Alola Form,#027,*0.5,*4,*1,*1,*0.5,*0.25,*4,*0,*2,*0.5,*0.5,*0.5,*1,*1,*0.5,*1,*1,*0.5
Sandslash,#028,*1,*1,*2,*0,*2,*2,*1,*0.5,*1,*1,*1,*1,*0.5,*1,*1,*1,*1,*1
Sandslash Alola Form,#028,*0.5,*4,*1,*1,*0.5,*0.25,*4,*0,*2,*0.5,*0.5,*0.5,*1,*1,*0.5,*1,*1,*0.5
Clefairy,#035,*1,*1,*1,*1,*1,*1,*0.5,*2,*1,*1,*1,*0.5,*1,*1,*0,*0.5,*2,*1
Clefable,#036,*1,*1,*1,*1,*1,*1,*0.5,*2,*1,*1,*1,*0.5,*1,*1,*0,*0.5,*2,*1
Vulpix,#037,*1,*0.5,*2,*1,*0.5,*0.5,*1,*1,*2,*1,*1,*0.5,*2,*1,*1,*1,*0.5,*0.5
Vulpix Alola Form,#037,*1,*2,*1,*1,*1,*0.5,*2,*1,*1,*1,*1,*1,*2,*1,*1,*1,*2,*1
Ninetales,#038,*1,*0.5,*2,*1,*0.5,*0.5,*1,*1,*2,*1,*1,*0.5,*2,*1,*1,*1,*0.5,*0.5
Ninetales Alola Form,#038,*1,*2,*1,*1,*1,*0.5,*1,*2,*1,*1,*1,*0.5,*2,*1,*0,*0.5,*4,*1
Jigglypuff,#039,*1,*1,*1,*1,*1,*1,*1,*2,*1,*1,*1,*0.5,*1,*0,*0,*0.5,*2,*1
Wigglytuff,#040,*1,*1,*1,*1,*1,*1,*1,*2,*1,*1,*1,*0.5,*1,*0,*0,*0.5,*2,*1
Oddish,#043,*1,*2,*0.5,*0.5,*0.25,*2,*0.5,*1,*1,*2,*2,*1,*1,*1,*1,*1,*1,*0.5
Gloom,#044,*1,*2,*0.5,*0.5,*0.25,*2,*0.5,*1,*1,*2,*2,*1,*1,*1,*1,*1,*1,*0.5
Vileplume,#045,*1,*2,*0.5,*0.5,*0.25,*2,*0.5,*1,*1,*2,*2,*1,*1,*1,*1,*1,*1,*0.5
Diglett,#050,*1,*1,*2,*0,*2,*2,*1,*0.5,*1,*1,*1,*1,*0.5,*1,*1,*1,*1,*1
Diglett Alola Form,#050,*0.5,*2,*2,*0,*1,*1,*2,*0,*2,*0.5,*0.5,*0.5,*0.25,*1,*0.5,*1,*0.5,*0.5
Dugtrio,#051,*1,*1,*2,*0,*2,*2,*1,*0.5,*1,*1,*1,*1,*0.5,*1,*1,*1,*1,*1
Dugtrio Alola Form,#051,*0.5,*2,*2,*0,*1,*1,*2,*0,*2,*0.5,*0.5,*0.5,*0.25,*1,*0.5,*1,*0.5,*0.5
Meowth,#052,*1,*1,*1,*1,*1,*1,*2,*1,*1,*1,*1,*1,*1,*0,*1,*1,*1,*1
Meowth Alola Form,#052,*1,*1,*1,*1,*1,*1,*2,*1,*1,*1,*0,*2,*1,*0.5,*1,*0.5,*1,*2
Meowth Galarian Form,#052,*0.5,*2,*1,*1,*0.5,*0.5,*2,*0,*2,*0.5,*0.5,*0.5,*0.5,*1,*0.5,*1,*0.5,*0.5
Persian,#053,*1,*1,*1,*1,*1,*1,*2,*1,*1,*1,*1,*1,*1,*0,*1,*1,*1,*1
Persian Alola Form,#053,*1,*1,*1,*1,*1,*1,*2,*1,*1,*1,*0,*2,*1,*0.5,*1,*0.5,*1,*2
Psyduck,#054,*1,*0.5,*0.5,*2,*2,*0.5,*1,*1,*1,*1,*1,*1,*1,*1,*1,*1,*0.5,*1
Golduck,#055,*1,*0.5,*0.5,*2,*2,*0.5,*1,*1,*1,*1,*1,*1,*1,*1,*1,*1,*0.5,*1
Growlithe,#058,*1,*0.5,*2,*1,*0.5,*0.5,*1,*1,*2,*1,*1,*0.5,*2,*1,*1,*1,*0.5,*0.5
Arcanine,#059,*1,*0.5,*2,*1,*0.5,*0.5,*1,*1,*2,*1,*1,*0.5,*2,*1,*1,*1,*0.5,*0.5
Poliwag,#060,*1,*0.5,*0.5,*2,*2,*0.5,*1,*1,*1,*1,*1,*1,*1,*1,*1,*1,*0.5,*1
Poliwhirl,#061,*1,*0.5,*0.5,*2,*2,*0.5,*1,*1,*1,*1,*1,*1,*1,*1,*1,*1,*0.5,*1
Poliwrath,#062,*1,*0.5,*0.5,*2,*2,*0.5,*1,*1,*1,*2,*2,*0.5,*0.5,*1,*1,*0.5,*0.5,*2
Abra,#063,*1,*1,*1,*1,*1,*1,*0.5,*1,*1,*1,*0.5,*2,*1,*2,*1,*2,*1,*1
Kadabra,#064,*1,*1,*1,*1,*1,*1,*0.5,*1,*1,*1,*0.5,*2,*1,*2,*1,*2,*1,*1
Alakazam,#065,*1,*1,*1,*1,*1,*1,*0.5,*1,*1,*1,*0.5,*2,*1,*2,*1,*2,*1,*1
Machop,#066,*1,*1,*1,*1,*1,*1,*1,*1,*1,*2,*2,*0.5,*0.5,*1,*1,*0.5,*1,*2
Machoke,#067,*1,*1,*1,*1,*1,*1,*1,*1,*1,*2,*2,*0.5,*0.5,*1,*1,*0.5,*1,*2
Machamp,#068,*1,*1,*1,*1,*1,*1,*1,*1,*1,*2,*2,*0.5,*0.5,*1,*1,*0.5,*1,*2
Tentacool,#072,*1,*0.5,*0.5,*2,*1,*0.5,*0.5,*0.5,*2,*1,*2,*0.5,*1,*1,*1,*1,*0.5,*0.5
Tentacruel,#073,*1,*0.5,*0.5,*2,*1,*0.5,*0.5,*0.5,*2,*1,*2,*0.5,*1,*1,*1,*1,*0.5,*0.5
Ponyta,#077,*1,*0.5,*2,*1,*0.5,*0.5,*1,*1,*2,*1,*1,*0.5,*2,*1,*1,*1,*0.5,*0.5
Ponyta Galarian Form,#077,*1,*1,*1,*1,*1,*1,*0.5,*1,*1,*1,*0.5,*2,*1,*2,*1,*2,*1,*1
Rapidash,#078,*1,*0.5,*2,*1,*0.5,*0.5,*1,*1,*2,*1,*1,*0.5,*2,*1,*1,*1,*0.5,*0.5
Rapidash Galarian Form,#078,*1,*1,*1,*1,*1,*1,*0.25,*2,*1,*1,*0.5,*1,*1,*2,*0,*1,*2,*1
Slowpoke,#079,*1,*0.5,*0.5,*2,*2,*0.5,*0.5,*1,*1,*1,*0.5,*2,*1,*2,*1,*2,*0.5,*1
Slowpoke Galarian Form,#079,*1,*1,*1,*1,*1,*1,*0.5,*1,*1,*1,*0.5,*2,*1,*2,*1,*2,*1,*1
Slowbro,#080,*1,*0.5,*0.5,*2,*2,*0.5,*0.5,*1,*1,*1,*0.5,*2,*1,*2,*1,*2,*0.5,*1
Slowbro Galarian Form,#080,*1,*1,*1,*1,*0.5,*1,*0.25,*0.5,*2,*1,*1,*1,*1,*2,*1,*2,*1,*0.5
Magnemite,#081,*0.5,*2,*1,*0.5,*0.5,*0.5,*2,*0,*4,*0.25,*0.5,*0.5,*0.5,*1,*0.5,*1,*0.25,*0.5
Magneton,#082,*0.5,*2,*1,*0.5,*0.5,*0.5,*2,*0,*4,*0.25,*0.5,*0.5,*0.5,*1,*0.5,*1,*0.25,*0.5
Farfetch'd,#083,*1,*1,*1,*2,*0.5,*2,*1,*1,*0,*1,*1,*0.5,*2,*0,*1,*1,*1,*1
Farfetch'd Galarian Form,#083,*1,*1,*1,*1,*1,*1,*1,*1,*1,*2,*2,*0.5,*0.5,*1,*1,*0.5,*1,*2
Shellder,#090,*1,*0.5,*0.5,*2,*2,*0.5,*1,*1,*1,*1,*1,*1,*1,*1,*1,*1,*0.5,*1
Cloyster,#091,*1,*1,*0.5,*2,*2,*0.25,*2,*1,*1,*1,*1,*1,*2,*1,*1,*1,*1,*1
Gastly,#092,*0,*1,*1,*1,*0.5,*1,*0,*0.25,*2,*1,*2,*0.25,*1,*2,*1,*2,*1,*0.5
Haunter,#093,*0,*1,*1,*1,*0.5,*1,*0,*0.25,*2,*1,*2,*0.25,*1,*2,*1,*2,*1,*0.5
Gengar,#094,*0,*1,*1,*1,*0.5,*1,*0,*0.25,*2,*1,*2,*0.25,*1,*2,*1,*2,*1,*0.5
Onix,#095,*0.5,*0.5,*4,*0,*4,*2,*2,*0.25,*2,*0.5,*1,*1,*0.5,*1,*1,*1,*2,*1
Krabby,#098,*1,*0.5,*0.5,*2,*2,*0.5,*1,*1,*1,*1,*1,*1,*1,*1,*1,*1,*0.5,*1
Kingler,#099,*1,*0.5,*0.5,*2,*2,*0.5,*1,*1,*1,*1,*1,*1,*1,*1,*1,*1,*0.5,*1
Exeggcute,#102,*1,*2,*0.5,*0.5,*0.5,*2,*0.5,*2,*0.5,*2,*0.5,*4,*1,*2,*1,*2,*1,*1
Exeggutor,#103,*1,*2,*0.5,*0.5,*0.5,*2,*0.5,*2,*0.5,*2,*0.5,*4,*1,*2,*1,*2,*1,*1
Exeggutor Alola Form,#103,*1,*1,*0.25,*0.25,*0.25,*4,*1,*2,*0.5,*2,*1,*2,*1,*1,*2,*1,*1,*2
Cubone,#104,*1,*1,*2,*0,*2,*2,*1,*0.5,*1,*1,*1,*1,*0.5,*1,*1,*1,*1,*1
Marowak,#105,*1,*1,*2,*0,*2,*2,*1,*0.5,*1,*1,*1,*1,*0.5,*1,*1,*1,*1,*1
Marowak Alola Form,#105,*0,*0.5,*2,*1,*0.5,*0.5,*0,*0.5,*2,*1,*1,*0.25,*2,*2,*1,*2,*0.5,*0.5
Hitmonlee,#106,*1,*1,*1,*1,*1,*1,*1,*1,*1,*2,*2,*0.5,*0.5,*1,*1,*0.5,*1,*2
Hitmonchan,#107,*1,*1,*1,*1,*1,*1,*1,*1,*1,*2,*2,*0.5,*0.5,*1,*1,*0.5,*1,*2
Lickitung,#108,*1,*1,*1,*1,*1,*1,*2,*1,*1,*1,*1,*1,*1,*0,*1,*1,*1,*1
Koffing,#109,*1,*1,*1,*1,*0.5,*1,*0.5,*0.5,*2,*1,*2,*0.5,*1,*1,*1,*1,*1,*0.5
Weezing,#110,*1,*1,*1,*1,*0.5,*1,*0.5,*0.5,*2,*1,*2,*0.5,*1,*1,*1,*1,*1,*0.5
Weezing Galarian Form,#110,*1,*1,*1,*1,*0.5,*1,*0.25,*1,*2,*1,*2,*0.25,*1,*1,*0,*0.5,*2,*0.5
Rhyhorn,#111,*0.5,*0.5,*4,*0,*4,*2,*2,*0.25,*2,*0.5,*1,*1,*0.5,*1,*1,*1,*2,*1
Rhydon,#112,*0.5,*0.5,*4,*0,*4,*2,*2,*0.25,*2,*0.5,*1,*1,*0.5,*1,*1,*1,*2,*1
Chansey,#113,*1,*1,*1,*1,*1,*1,*2,*1,*1,*1,*1,*1,*1,*0,*1,*1,*1,*1
Tangela,#114,*1,*2,*0.5,*0.5,*0.5,*2,*1,*2,*0.5,*2,*1,*2,*1,*1,*1,*1,*1,*1
Kangaskhan,#115,*1,*1,*1,*1,*1,*1,*2,*1,*1,*1,*1,*1,*1,*0,*1,*1,*1,*1
Horsea,#116,*1,*0.5,*0.5,*2,*2,*0.5,*1,*1,*1,*1,*1,*1,*1,*1,*1,*1,*0.5,*1
Seadra,#117,*1,*0.5,*0.5,*2,*2,*0.5,*1,*1,*1,*1,*1,*1,*1,*1,*1,*1,*0.5,*1
Goldeen,#118,*1,*0.5,*0.5,*2,*2,*0.5,*1,*1,*1,*1,*1,*1,*1,*1,*1,*1,*0.5,*1
Seaking,#119,*1,*0.5,*0.5,*2,*2,*0.5,*1,*1,*1,*1,*1,*1,*1,*1,*1,*1,*0.5,*1
Staryu,#120,*1,*0.5,*0.5,*2,*2,*0.5,*1,*1,*1,*1,*1,*1,*1,*1,*1,*1,*0.5,*1
Starmie,#121,*1,*0.5,*0.5,*2,*2,*0.5,*0.5,*1,*1,*1,*0.5,*2,*1,*2,*1,*2,*0.5,*1
Mr.Mime,#122,*1,*1,*1,*1,*1,*1,*0.25,*2,*1,*1,*0.5,*1,*1,*2,*0,*1,*2,*1
Mr.Mime Galarian Form,#122,*1,*2,*1,*1,*1,*0.5,*1,*1,*1,*1,*0.5,*2,*2,*2,*1,*2,*2,*1
Scyther,#123,*1,*2,*1,*2,*0.25,*2,*0.25,*1,*0,*2,*1,*0.5,*4,*1,*1,*1,*1,*1
Pinsir,#127,*1,*2,*1,*1,*0.5,*1,*0.5,*1,*0.5,*2,*1,*1,*2,*1,*1,*1,*1,*1
Tauros,#128,*1,*1,*1,*1,*1,*1,*2,*1,*1,*1,*1,*1,*1,*0,*1,*1,*1,*1
Magikarp,#129,*1,*0.5,*0.5,*2,*2,*0.5,*1,*1,*1,*1,*1,*1,*1,*1,*1,*1,*0.5,*1
Gyarados,#130,*1,*0.5,*0.5,*4,*1,*1,*0.5,*1,*0,*1,*1,*0.5,*2,*1,*1,*1,*0.5,*1
Lapras,#131,*1,*1,*0.5,*2,*2,*0.25,*2,*1,*1,*1,*1,*1,*2,*1,*1,*1,*1,*1
Ditto,#132,*1,*1,*1,*1,*1,*1,*2,*1,*1,*1,*1,*1,*1,*0,*1,*1,*1,*1
Eevee,#133,*1,*1,*1,*1,*1,*1,*2,*1,*1,*1,*1,*1,*1,*0,*1,*1,*1,*1
Vaporeon,#134,*1,*0.5,*0.5,*2,*2,*0.5,*1,*1,*1,*1,*1,*1,*1,*1,*1,*1,*0.5,*1
Jolteon,#135,*1,*1,*1,*0.5,*1,*1,*1,*1,*2,*0.5,*1,*1,*1,*1,*1,*1,*0.5,*1
Flareon,#136,*1,*0.5,*2,*1,*0.5,*0.5,*1,*1,*2,*1,*1,*0.5,*2,*1,*1,*1,*0.5,*0.5
Porygon,#137,*1,*1,*1,*1,*1,*1,*2,*1,*1,*1,*1,*1,*1,*0,*1,*1,*1,*1
Snorlax,#143,*1,*1,*1,*1,*1,*1,*2,*1,*1,*1,*1,*1,*1,*0,*1,*1,*1,*1
Mewtwo,#150,*1,*1,*1,*1,*1,*1,*0.5,*1,*1,*1,*0.5,*2,*1,*2,*1,*2,*1,*1
Mew,#151,*1,*1,*1,*1,*1,*1,*0.5,*1,*1,*1,*0.5,*2,*1,*2,*1,*2,*1,*1
Hoothoot,#163,*1,*1,*1,*2,*0.5,*2,*1,*1,*0,*1,*1,*0.5,*2,*0,*1,*1,*1,*1
Noctowl,#164,*1,*1,*1,*2,*0.5,*2,*1,*1,*0,*1,*1,*0.5,*2,*0,*1,*1,*1,*1
Chinchou,#170,*1,*0.5,*0.5,*1,*2,*0.5,*1,*1,*2,*0.5,*1,*1,*1,*1,*1,*1,*0.25,*1
Lanturn,#171,*1,*0.5,*0.5,*1,*2,*0.5,*1,*1,*2,*0.5,*1,*1,*1,*1,*1,*1,*0.25,*1
Pichu,#172,*1,*1,*1,*0.5,*1,*1,*1,*1,*2,*0.5,*1,*1,*1,*1,*1,*1,*0.5,*1
Cleffa,#173,*1,*1,*1,*1,*1,*1,*0.5,*2,*1,*1,*1,*0.5,*1,*1,*0,*0.5,*2,*1
Igglybuff,#174,*1,*1,*1,*1,*1,*1,*1,*2,*1,*1,*1,*0.5,*1,*0,*0,*0.5,*2,*1
Togepi,#175,*1,*1,*1,*1,*1,*1,*0.5,*2,*1,*1,*1,*0.5,*1,*1,*0,*0.5,*2,*1
Togetic,#176,*1,*1,*1,*2,*0.5,*2,*0.25,*2,*0,*1,*1,*0.25,*2,*1,*0,*0.5,*2,*1
Natu,#177,*1,*1,*1,*2,*0.5,*2,*0.25,*1,*0,*1,*0.5,*1,*2,*2,*1,*2,*1,*1
Xatu,#178,*1,*1,*1,*2,*0.5,*2,*0.25,*1,*0,*1,*0.5,*1,*2,*2,*1,*2,*1,*1
Bellossom,#182,*1,*2,*0.5,*0.5,*0.5,*2,*1,*2,*0.5,*2,*1,*2,*1,*1,*1,*1,*1,*1
Marill,#183,*1,*0.5,*0.5,*2,*2,*0.5,*0.5,*2,*1,*1,*1,*0.5,*1,*1,*0,*0.5,*1,*1
Azumarill,#184,*1,*0.5,*0.5,*2,*2,*0.5,*0.5,*2,*1,*1,*1,*0.5,*1,*1,*0,*0.5,*1,*1
Sudowoodo,#185,*0.5,*0.5,*2,*1,*2,*1,*2,*0.5,*2,*0.5,*1,*1,*1,*1,*1,*1,*2,*1
Politoed,#186,*1,*0.5,*0.5,*2,*2,*0.5,*1,*1,*1,*1,*1,*1,*1,*1,*1,*1,*0.5,*1
Wooper,#194,*1,*0.5,*1,*0,*4,*1,*1,*0.5,*1,*1,*1,*1,*0.5,*1,*1,*1,*0.5,*1
Quagsire,#195,*1,*0.5,*1,*0,*4,*1,*1,*0.5,*1,*1,*1,*1,*0.5,*1,*1,*1,*0.5,*1
Espeon,#196,*1,*1,*1,*1,*1,*1,*0.5,*1,*1,*1,*0.5,*2,*1,*2,*1,*2,*1,*1
Umbreon,#197,*1,*1,*1,*1,*1,*1,*2,*1,*1,*1,*0,*2,*1,*0.5,*1,*0.5,*1,*2
Slowking,#199,*1,*0.5,*0.5,*2,*2,*0.5,*0.5,*1,*1,*1,*0.5,*2,*1,*2,*1,*2,*0.5,*1
Wobbuffet,#202,*1,*1,*1,*1,*1,*1,*0.5,*1,*1,*1,*0.5,*2,*1,*2,*1,*2,*1,*1
Dunsparce,#206,*1,*1,*1,*1,*1,*1,*2,*1,*1,*1,*1,*1,*1,*0,*1,*1,*1,*1
Steelix,#208,*0.5,*2,*2,*0,*1,*1,*2,*0,*2,*0.5,*0.5,*0.5,*0.25,*1,*0.5,*1,*0.5,*0.5
Qwilfish,#211,*1,*0.5,*0.5,*2,*1,*0.5,*0.5,*0.5,*2,*1,*2,*0.5,*1,*1,*1,*1,*0.5,*0.5
Scizor,#212,*0.5,*4,*1,*1,*0.25,*0.5,*1,*0,*1,*1,*0.5,*0.5,*1,*1,*0.5,*1,*0.5,*0.5
Shuckle,#213,*0.5,*1,*2,*1,*1,*1,*1,*0.5,*1,*1,*1,*1,*2,*1,*1,*1,*2,*1
Heracross,#214,*1,*2,*1,*1,*0.5,*1,*0.5,*1,*0.5,*4,*2,*0.5,*1,*1,*1,*0.5,*1,*2
Sneasel,#215,*1,*2,*1,*1,*1,*0.5,*4,*1,*1,*1,*0,*2,*2,*0.5,*1,*0.5,*2,*2
Swinub,#220,*1,*2,*2,*0,*2,*1,*2,*0.5,*1,*1,*1,*1,*1,*1,*1,*1,*2,*1
Piloswine,#221,*1,*2,*2,*0,*2,*1,*2,*0.5,*1,*1,*1,*1,*1,*1,*1,*1,*2,*1
Corsola,#222,*0.5,*0.25,*1,*2,*4,*0.5,*2,*0.5,*2,*0.5,*1,*1,*1,*1,*1,*1,*1,*1
Corsola Galarian Form,#222,*0,*1,*1,*1,*1,*1,*0,*0.5,*1,*1,*1,*0.5,*1,*2,*1,*2,*1,*1
Remoraid,#223,*1,*0.5,*0.5,*2,*2,*0.5,*1,*1,*1,*1,*1,*1,*1,*1,*1,*1,*0.5,*1
Octillery,#224,*1,*0.5,*0.5,*2,*2,*0.5,*1,*1,*1,*1,*1,*1,*1,*1,*1,*1,*0.5,*1
Delibird,#225,*1,*2,*1,*2,*0.5,*1,*1,*1,*0,*1,*1,*0.5,*4,*1,*1,*1,*2,*1
Mantine,#226,*1,*0.5,*0.5,*4,*1,*1,*0.5,*1,*0,*1,*1,*0.5,*2,*1,*1,*1,*0.5,*1
Skarmory,#227,*0.5,*2,*1,*2,*0.25,*1,*1,*0,*0,*0.5,*0.5,*0.25,*1,*1,*0.5,*1,*0.5,*0.5
Kingdra,#230,*1,*0.25,*0.25,*1,*1,*1,*1,*1,*1,*1,*1,*1,*1,*1,*2,*1,*0.5,*2
Porygon2,#233,*1,*1,*1,*1,*1,*1,*2,*1,*1,*1,*1,*1,*1,*0,*1,*1,*1,*1
Tyrogue,#236,*1,*1,*1,*1,*1,*1,*1,*1,*1,*2,*2,*0.5,*0.5,*1,*1,*0.5,*1,*2
Hitmontop,#237,*1,*1,*1,*1,*1,*1,*1,*1,*1,*2,*2,*0.5,*0.5,*1,*1,*0.5,*1,*2
Miltank,#241,*1,*1,*1,*1,*1,*1,*2,*1,*1,*1,*1,*1,*1,*0,*1,*1,*1,*1
Blissey,#242,*1,*1,*1,*1,*1,*1,*2,*1,*1,*1,*1,*1,*1,*0,*1,*1,*1,*1
Larvitar,#246,*0.5,*0.5,*4,*0,*4,*2,*2,*0.25,*2,*0.5,*1,*1,*0.5,*1,*1,*1,*2,*1
Pupitar,#247,*0.5,*0.5,*4,*0,*4,*2,*2,*0.25,*2,*0.5,*1,*1,*0.5,*1,*1,*1,*2,*1
Tyranitar,#248,*0.5,*0.5,*2,*1,*2,*1,*4,*0.5,*2,*0.5,*0,*2,*1,*0.5,*1,*0.5,*2,*2
Celebi,#251,*1,*2,*0.5,*0.5,*0.5,*2,*0.5,*2,*0.5,*2,*0.5,*4,*1,*2,*1,*2,*1,*1
Zigzagoon,#263,*1,*1,*1,*1,*1,*1,*2,*1,*1,*1,*1,*1,*1,*0,*1,*1,*1,*1
Zigzagoon Galarian Form,#263,*1,*1,*1,*1,*1,*1,*4,*1,*1,*1,*0,*2,*1,*0,*1,*0.5,*1,*2
Linoone,#264,*1,*1,*1,*1,*1,*1,*2,*1,*1,*1,*1,*1,*1,*0,*1,*1,*1,*1
Linoone Galarian Form,#264,*1,*1,*1,*1,*1,*1,*4,*1,*1,*1,*0,*2,*1,*0,*1,*0.5,*1,*2
Lotad,#270,*1,*1,*0.25,*1,*1,*1,*1,*2,*0.5,*2,*1,*2,*1,*1,*1,*1,*0.5,*1
Lombre,#271,*1,*1,*0.25,*1,*1,*1,*1,*2,*0.5,*2,*1,*2,*1,*1,*1,*1,*0.5,*1
Ludicolo,#272,*1,*1,*0.25,*1,*1,*1,*1,*2,*0.5,*2,*1,*2,*1,*1,*1,*1,*0.5,*1
Seedot,#273,*1,*2,*0.5,*0.5,*0.5,*2,*1,*2,*0.5,*2,*1,*2,*1,*1,*1,*1,*1,*1
Nuzleaf,#274,*1,*2,*0.5,*0.5,*0.5,*2,*2,*2,*0.5,*2,*0,*4,*1,*0.5,*1,*0.5,*1,*2
Shiftry,#275,*1,*2,*0.5,*0.5,*0.5,*2,*2,*2,*0.5,*2,*0,*4,*1,*0.5,*1,*0.5,*1,*2
Wingull,#278,*1,*0.5,*0.5,*4,*1,*1,*0.5,*1,*0,*1,*1,*0.5,*2,*1,*1,*1,*0.5,*1
Pelipper,#279,*1,*0.5,*0.5,*4,*1,*1,*0.5,*1,*0,*1,*1,*0.5,*2,*1,*1,*1,*0.5,*1
Ralts,#280,*1,*1,*1,*1,*1,*1,*0.25,*2,*1,*1,*0.5,*1,*1,*2,*0,*1,*2,*1
Kirlia,#281,*1,*1,*1,*1,*1,*1,*0.25,*2,*1,*1,*0.5,*1,*1,*2,*0,*1,*2,*1
Gardevoir,#282,*1,*1,*1,*1,*1,*1,*0.25,*2,*1,*1,*0.5,*1,*1,*2,*0,*1,*2,*1
Nincada,#290,*1,*2,*2,*0,*1,*2,*0.5,*0.5,*0.5,*2,*1,*1,*1,*1,*1,*1,*1,*1
Ninjask,#291,*1,*2,*1,*2,*0.25,*2,*0.25,*1,*0,*2,*1,*0.5,*4,*1,*1,*1,*1,*1
Shedinja,#292,*0,*2,*1,*1,*0.5,*1,*0,*0.5,*0.5,*2,*1,*0.5,*2,*2,*1,*2,*1,*1
Whismur,#293,*1,*1,*1,*1,*1,*1,*2,*1,*1,*1,*1,*1,*1,*0,*1,*1,*1,*1
Loudred,#294,*1,*1,*1,*1,*1,*1,*2,*1,*1,*1,*1,*1,*1,*0,*1,*1,*1,*1
Exploud,#295,*1,*1,*1,*1,*1,*1,*2,*1,*1,*1,*1,*1,*1,*0,*1,*1,*1,*1
Azurill,#298,*1,*1,*1,*1,*1,*1,*1,*2,*1,*1,*1,*0.5,*1,*0,*0,*0.5,*2,*1
Sableye,#302,*0,*1,*1,*1,*1,*1,*0,*0.5,*1,*1,*0,*1,*1,*1,*1,*1,*1,*2
Mawile,#303,*0.5,*2,*1,*1,*0.5,*0.5,*1,*0,*2,*0.5,*0.5,*0.25,*0.5,*1,*0,*0.5,*1,*0.5
Electrike,#309,*1,*1,*1,*0.5,*1,*1,*1,*1,*2,*0.5,*1,*1,*1,*1,*1,*1,*0.5,*1
Manectric,#310,*1,*1,*1,*0.5,*1,*1,*1,*1,*2,*0.5,*1,*1,*1,*1,*1,*1,*0.5,*1
Roselia,#315,*1,*2,*0.5,*0.5,*0.25,*2,*0.5,*1,*1,*2,*2,*1,*1,*1,*1,*1,*1,*0.5
Carvanha,#318,*1,*0.5,*0.5,*2,*2,*0.5,*2,*1,*1,*1,*0,*2,*1,*0.5,*1,*0.5,*0.5,*2
Sharpedo,#319,*1,*0.5,*0.5,*2,*2,*0.5,*2,*1,*1,*1,*0,*2,*1,*0.5,*1,*0.5,*0.5,*2
Wailmer,#320,*1,*0.5,*0.5,*2,*2,*0.5,*1,*1,*1,*1,*1,*1,*1,*1,*1,*1,*0.5,*1
Wailord,#321,*1,*0.5,*0.5,*2,*2,*0.5,*1,*1,*1,*1,*1,*1,*1,*1,*1,*1,*0.5,*1
Torkoal,#324,*1,*0.5,*2,*1,*0.5,*0.5,*1,*1,*2,*1,*1,*0.5,*2,*1,*1,*1,*0.5,*0.5
Trapinch,#328,*1,*1,*2,*0,*2,*2,*1,*0.5,*1,*1,*1,*1,*0.5,*1,*1,*1,*1,*1
Vibrava,#329,*1,*0.5,*1,*0,*1,*4,*1,*0.5,*1,*1,*1,*1,*0.5,*1,*2,*1,*1,*2
Flygon,#330,*1,*0.5,*1,*0,*1,*4,*1,*0.5,*1,*1,*1,*1,*0.5,*1,*2,*1,*1,*2
Lunatone,#337,*0.5,*0.5,*2,*1,*2,*1,*1,*0.5,*2,*0.5,*0.5,*2,*1,*2,*1,*2,*2,*1
Solrock,#338,*0.5,*0.5,*2,*1,*2,*1,*1,*0.5,*2,*0.5,*0.5,*2,*1,*2,*1,*2,*2,*1
Barboach,#339,*1,*0.5,*1,*0,*4,*1,*1,*0.5,*1,*1,*1,*1,*0.5,*1,*1,*1,*0.5,*1
Whiscash,#340,*1,*0.5,*1,*0,*4,*1,*1,*0.5,*1,*1,*1,*1,*0.5,*1,*1,*1,*0.5,*1
Corphish,#341,*1,*0.5,*0.5,*2,*2,*0.5,*1,*1,*1,*1,*1,*1,*1,*1,*1,*1,*0.5,*1
Crawdaunt,#342,*1,*0.5,*0.5,*2,*2,*0.5,*2,*1,*1,*1,*0,*2,*1,*0.5,*1,*0.5,*0.5,*2
Baltoy,#343,*1,*1,*2,*0,*2,*2,*0.5,*0.5,*1,*1,*0.5,*2,*0.5,*2,*1,*2,*1,*1
Claydol,#344,*1,*1,*2,*0,*2,*2,*0.5,*0.5,*1,*1,*0.5,*2,*0.5,*2,*1,*2,*1,*1
Feebas,#349,*1,*0.5,*0.5,*2,*2,*0.5,*1,*1,*1,*1,*1,*1,*1,*1,*1,*1,*0.5,*1
Milotic,#350,*1,*0.5,*0.5,*2,*2,*0.5,*1,*1,*1,*1,*1,*1,*1,*1,*1,*1,*0.5,*1
Duskull,#355,*0,*1,*1,*1,*1,*1,*0,*0.5,*1,*1,*1,*0.5,*1,*2,*1,*2,*1,*1
Dusclops,#356,*0,*1,*1,*1,*1,*1,*0,*0.5,*1,*1,*1,*0.5,*1,*2,*1,*2,*1,*1
Wynaut,#360,*1,*1,*1,*1,*1,*1,*0.5,*1,*1,*1,*0.5,*2,*1,*2,*1,*2,*1,*1
Snorunt,#361,*1,*2,*1,*1,*1,*0.5,*2,*1,*1,*1,*1,*1,*2,*1,*1,*1,*2,*1
Glalie,#362,*1,*2,*1,*1,*1,*0.5,*2,*1,*1,*1,*1,*1,*2,*1,*1,*1,*2,*1
Jirachi,#385,*0.5,*2,*1,*1,*0.5,*0.5,*1,*0,*2,*0.5,*0.25,*1,*0.5,*2,*0.5,*2,*0.5,*0.5
Shinx,#403,*1,*1,*1,*0.5,*1,*1,*1,*1,*2,*0.5,*1,*1,*1,*1,*1,*1,*0.5,*1
Luxio,#404,*1,*1,*1,*0.5,*1,*1,*1,*1,*2,*0.5,*1,*1,*1,*1,*1,*1,*0.5,*1
Luxray,#405,*1,*1,*1,*0.5,*1,*1,*1,*1,*2,*0.5,*1,*1,*1,*1,*1,*1,*0.5,*1
Budew,#406,*1,*2,*0.5,*0.5,*0.25,*2,*0.5,*1,*1,*2,*2,*1,*1,*1,*1,*1,*1,*0.5
Roserade,#407,*1,*2,*0.5,*0.5,*0.25,*2,*0.5,*1,*1,*2,*2,*1,*1,*1,*1,*1,*1,*0.5
Combee,#415,*1,*2,*1,*2,*0.25,*2,*0.25,*1,*0,*2,*1,*0.5,*4,*1,*1,*1,*1,*1
Vespiquen,#416,*1,*2,*1,*2,*0.25,*2,*0.25,*1,*0,*2,*1,*0.5,*4,*1,*1,*1,*1,*1
Cherubi,#420,*1,*2,*0.5,*0.5,*0.5,*2,*1,*2,*0.5,*2,*1,*2,*1,*1,*1,*1,*1,*1
Cherrim,#421,*1,*2,*0.5,*0.5,*0.5,*2,*1,*2,*0.5,*2,*1,*2,*1,*1,*1,*1,*1,*1
Shellos,#422,*1,*0.5,*0.5,*2,*2,*0.5,*1,*1,*1,*1,*1,*1,*1,*1,*1,*1,*0.5,*1
Gastrodon,#423,*1,*0.5,*1,*0,*4,*1,*1,*0.5,*1,*1,*1,*1,*0.5,*1,*1,*1,*0.5,*1
Drifloon,#425,*0,*1,*1,*2,*0.5,*2,*0,*0.5,*0,*1,*1,*0.25,*2,*2,*1,*2,*1,*1
Drifblim,#426,*0,*1,*1,*2,*0.5,*2,*0,*0.5,*0,*1,*1,*0.25,*2,*2,*1,*2,*1,*1
Buneary,#427,*1,*1,*1,*1,*1,*1,*2,*1,*1,*1,*1,*1,*1,*0,*1,*1,*1,*1
Lopunny,#428,*1,*1,*1,*1,*1,*1,*2,*1,*1,*1,*1,*1,*1,*0,*1,*1,*1,*1
Stunky,#434,*1,*1,*1,*1,*0.5,*1,*1,*0.5,*2,*1,*0,*1,*1,*0.5,*1,*0.5,*1,*1
Skuntank,#435,*1,*1,*1,*1,*0.5,*1,*1,*0.5,*2,*1,*0,*1,*1,*0.5,*1,*0.5,*1,*1
Bronzor,#436,*0.5,*2,*1,*1,*0.5,*0.5,*1,*0,*2,*0.5,*0.25,*1,*0.5,*2,*0.5,*2,*0.5,*0.5
Bronzong,#437,*0.5,*2,*1,*1,*0.5,*0.5,*1,*0,*2,*0.5,*0.25,*1,*0.5,*2,*0.5,*2,*0.5,*0.5
Bonsly,#438,*0.5,*0.5,*2,*1,*2,*1,*2,*0.5,*2,*0.5,*1,*1,*1,*1,*1,*1,*2,*1
MimeJr.,#439,*1,*1,*1,*1,*1,*1,*0.25,*2,*1,*1,*0.5,*1,*1,*2,*0,*1,*2,*1
Happiny,#440,*1,*1,*1,*1,*1,*1,*2,*1,*1,*1,*1,*1,*1,*0,*1,*1,*1,*1
Munchlax,#446,*1,*1,*1,*1,*1,*1,*2,*1,*1,*1,*1,*1,*1,*0,*1,*1,*1,*1
Riolu,#447,*1,*1,*1,*1,*1,*1,*1,*1,*1,*2,*2,*0.5,*0.5,*1,*1,*0.5,*1,*2
Lucario,#448,*0.5,*2,*1,*1,*0.5,*0.5,*2,*0,*2,*1,*1,*0.25,*0.25,*1,*0.5,*0.5,*0.5,*1
Hippopotas,#449,*1,*1,*2,*0,*2,*2,*1,*0.5,*1,*1,*1,*1,*0.5,*1,*1,*1,*1,*1
Hippowdon,#450,*1,*1,*2,*0,*2,*2,*1,*0.5,*1,*1,*1,*1,*0.5,*1,*1,*1,*1,*1
Skorupi,#451,*1,*2,*1,*1,*0.25,*1,*0.25,*0.5,*1,*2,*2,*0.5,*2,*1,*1,*1,*1,*0.5
Drapion,#452,*1,*1,*1,*1,*0.5,*1,*1,*0.5,*2,*1,*0,*1,*1,*0.5,*1,*0.5,*1,*1
Croagunk,#453,*1,*1,*1,*1,*0.5,*1,*0.5,*0.5,*2,*2,*4,*0.25,*0.5,*1,*1,*0.5,*1,*1
Toxicroak,#454,*1,*1,*1,*1,*0.5,*1,*0.5,*0.5,*2,*2,*4,*0.25,*0.5,*1,*1,*0.5,*1,*1
Mantyke,#458,*1,*0.5,*0.5,*4,*1,*1,*0.5,*1,*0,*1,*1,*0.5,*2,*1,*1,*1,*0.5,*1
Snover,#459,*1,*4,*0.5,*0.5,*0.5,*1,*2,*2,*0.5,*2,*1,*2,*2,*1,*1,*1,*2,*1
Abomasnow,#460,*1,*4,*0.5,*0.5,*0.5,*1,*2,*2,*0.5,*2,*1,*2,*2,*1,*1,*1,*2,*1
Weavile,#461,*1,*2,*1,*1,*1,*0.5,*4,*1,*1,*1,*0,*2,*2,*0.5,*1,*0.5,*2,*2
Magnezone,#462,*0.5,*2,*1,*0.5,*0.5,*0.5,*2,*0,*4,*0.25,*0.5,*0.5,*0.5,*1,*0.5,*1,*0.25,*0.5
Lickilicky,#463,*1,*1,*1,*1,*1,*1,*2,*1,*1,*1,*1,*1,*1,*0,*1,*1,*1,*1
Rhyperior,#464,*0.5,*0.5,*4,*0,*4,*2,*2,*0.25,*2,*0.5,*1,*1,*0.5,*1,*1,*1,*2,*1
Tangrowth,#465,*1,*2,*0.5,*0.5,*0.5,*2,*1,*2,*0.5,*2,*1,*2,*1,*1,*1,*1,*1,*1
Togekiss,#468,*1,*1,*1,*2,*0.5,*2,*0.25,*2,*0,*1,*1,*0.25,*2,*1,*0,*0.5,*2,*1
Leafeon,#470,*1,*2,*0.5,*0.5,*0.5,*2,*1,*2,*0.5,*2,*1,*2,*1,*1,*1,*1,*1,*1
Glaceon,#471,*1,*2,*1,*1,*1,*0.5,*2,*1,*1,*1,*1,*1,*2,*1,*1,*1,*2,*1
Mamoswine,#473,*1,*2,*2,*0,*2,*1,*2,*0.5,*1,*1,*1,*1,*1,*1,*1,*1,*2,*1
Porygon-Z,#474,*1,*1,*1,*1,*1,*1,*2,*1,*1,*1,*1,*1,*1,*0,*1,*1,*1,*1
Gallade,#475,*1,*1,*1,*1,*1,*1,*0.5,*1,*1,*2,*1,*1,*0.5,*2,*1,*1,*1,*2
Dusknoir,#477,*0,*1,*1,*1,*1,*1,*0,*0.5,*1,*1,*1,*0.5,*1,*2,*1,*2,*1,*1
Froslass,#478,*0,*2,*1,*1,*1,*0.5,*0,*0.5,*1,*1,*1,*0.5,*2,*2,*1,*2,*2,*1
Rotom,#479,*0,*1,*1,*0.5,*1,*1,*0,*0.5,*2,*0.5,*1,*0.5,*1,*2,*1,*2,*0.5,*1
Rotom Heat Rotom,#479,*1,*0.5,*2,*0.5,*0.5,*0.5,*1,*1,*4,*0.5,*1,*0.5,*2,*1,*1,*1,*0.25,*0.5
Rotom Wash Rotom,#479,*1,*0.5,*0.5,*1,*2,*0.5,*1,*1,*2,*0.5,*1,*1,*1,*1,*1,*1,*0.25,*1
Rotom Frost Rotom,#479,*1,*2,*1,*0.5,*1,*0.5,*2,*1,*2,*0.5,*1,*1,*2,*1,*1,*1,*1,*1
Rotom Fan Rotom,#479,*1,*1,*1,*1,*0.5,*2,*0.5,*1,*0,*0.5,*1,*0.5,*2,*1,*1,*1,*0.5,*1
Rotom Mow Rotom,#479,*1,*2,*0.5,*0.25,*0.5,*2,*1,*2,*1,*1,*1,*2,*1,*1,*1,*1,*0.5,*1
Lillipup,#506,*1,*1,*1,*1,*1,*1,*2,*1,*1,*1,*1,*1,*1,*0,*1,*1,*1,*1
Herdier,#507,*1,*1,*1,*1,*1,*1,*2,*1,*1,*1,*1,*1,*1,*0,*1,*1,*1,*1
Stoutland,#508,*1,*1,*1,*1,*1,*1,*2,*1,*1,*1,*1,*1,*1,*0,*1,*1,*1,*1
Purrloin,#509,*1,*1,*1,*1,*1,*1,*2,*1,*1,*1,*0,*2,*1,*0.5,*1,*0.5,*1,*2
Liepard,#510,*1,*1,*1,*1,*1,*1,*2,*1,*1,*1,*0,*2,*1,*0.5,*1,*0.5,*1,*2
Munna,#517,*1,*1,*1,*1,*1,*1,*0.5,*1,*1,*1,*0.5,*2,*1,*2,*1,*2,*1,*1
Musharna,#518,*1,*1,*1,*1,*1,*1,*0.5,*1,*1,*1,*0.5,*2,*1,*2,*1,*2,*1,*1
Pidove,#519,*1,*1,*1,*2,*0.5,*2,*1,*1,*0,*1,*1,*0.5,*2,*0,*1,*1,*1,*1
Tranquill,#520,*1,*1,*1,*2,*0.5,*2,*1,*1,*0,*1,*1,*0.5,*2,*0,*1,*1,*1,*1
Unfezant,#521,*1,*1,*1,*2,*0.5,*2,*1,*1,*0,*1,*1,*0.5,*2,*0,*1,*1,*1,*1
Roggenrola,#524,*0.5,*0.5,*2,*1,*2,*1,*2,*0.5,*2,*0.5,*1,*1,*1,*1,*1,*1,*2,*1
Boldore,#525,*0.5,*0.5,*2,*1,*2,*1,*2,*0.5,*2,*0.5,*1,*1,*1,*1,*1,*1,*2,*1
Gigalith,#526,*0.5,*0.5,*2,*1,*2,*1,*2,*0.5,*2,*0.5,*1,*1,*1,*1,*1,*1,*2,*1
Woobat,#527,*1,*1,*1,*2,*0.5,*2,*0.25,*1,*0,*1,*0.5,*1,*2,*2,*1,*2,*1,*1
Swoobat,#528,*1,*1,*1,*2,*0.5,*2,*0.25,*1,*0,*1,*0.5,*1,*2,*2,*1,*2,*1,*1
Drilbur,#529,*1,*1,*2,*0,*2,*2,*1,*0.5,*1,*1,*1,*1,*0.5,*1,*1,*1,*1,*1
Excadrill,#530,*0.5,*2,*2,*0,*1,*1,*2,*0,*2,*0.5,*0.5,*0.5,*0.25,*1,*0.5,*1,*0.5,*0.5
Timburr,#532,*1,*1,*1,*1,*1,*1,*1,*1,*1,*2,*2,*0.5,*0.5,*1,*1,*0.5,*1,*2
Gurdurr,#533,*1,*1,*1,*1,*1,*1,*1,*1,*1,*2,*2,*0.5,*0.5,*1,*1,*0.5,*1,*2
Conkeldurr,#534,*1,*1,*1,*1,*1,*1,*1,*1,*1,*2,*2,*0.5,*0.5,*1,*1,*0.5,*1,*2
Tympole,#535,*1,*0.5,*0.5,*2,*2,*0.5,*1,*1,*1,*1,*1,*1,*1,*1,*1,*1,*0.5,*1
Palpitoad,#536,*1,*0.5,*1,*0,*4,*1,*1,*0.5,*1,*1,*1,*1,*0.5,*1,*1,*1,*0.5,*1
Seismitoad,#537,*1,*0.5,*1,*0,*4,*1,*1,*0.5,*1,*1,*1,*1,*0.5,*1,*1,*1,*0.5,*1
Throh,#538,*1,*1,*1,*1,*1,*1,*1,*1,*1,*2,*2,*0.5,*0.5,*1,*1,*0.5,*1,*2
Sawk,#539,*1,*1,*1,*1,*1,*1,*1,*1,*1,*2,*2,*0.5,*0.5,*1,*1,*0.5,*1,*2
Venipede,#543,*1,*2,*1,*1,*0.25,*1,*0.25,*0.5,*1,*2,*2,*0.5,*2,*1,*1,*1,*1,*0.5
Whirlipede,#544,*1,*2,*1,*1,*0.25,*1,*0.25,*0.5,*1,*2,*2,*0.5,*2,*1,*1,*1,*1,*0.5
Scolipede,#545,*1,*2,*1,*1,*0.25,*1,*0.25,*0.5,*1,*2,*2,*0.5,*2,*1,*1,*1,*1,*0.5
Cottonee,#546,*1,*2,*0.5,*0.5,*0.5,*2,*0.5,*4,*0.5,*2,*1,*1,*1,*1,*0,*0.5,*2,*1
Whimsicott,#547,*1,*2,*0.5,*0.5,*0.5,*2,*0.5,*4,*0.5,*2,*1,*1,*1,*1,*0,*0.5,*2,*1
Petilil,#548,*1,*2,*0.5,*0.5,*0.5,*2,*1,*2,*0.5,*2,*1,*2,*1,*1,*1,*1,*1,*1
Lilligant,#549,*1,*2,*0.5,*0.5,*0.5,*2,*1,*2,*0.5,*2,*1,*2,*1,*1,*1,*1,*1,*1
Basculin,#550,*1,*0.5,*0.5,*2,*2,*0.5,*1,*1,*1,*1,*1,*1,*1,*1,*1,*1,*0.5,*1
Sandile,#551,*1,*1,*2,*0,*2,*2,*2,*0.5,*1,*1,*0,*2,*0.5,*0.5,*1,*0.5,*1,*2
Krokorok,#552,*1,*1,*2,*0,*2,*2,*2,*0.5,*1,*1,*0,*2,*0.5,*0.5,*1,*0.5,*1,*2
Krookodile,#553,*1,*1,*2,*0,*2,*2,*2,*0.5,*1,*1,*0,*2,*0.5,*0.5,*1,*0.5,*1,*2
Darumaka,#554,*1,*0.5,*2,*1,*0.5,*0.5,*1,*1,*2,*1,*1,*0.5,*2,*1,*1,*1,*0.5,*0.5
Darumaka Galarian Form,#554,*1,*2,*1,*1,*1,*0.5,*2,*1,*1,*1,*1,*1,*2,*1,*1,*1,*2,*1
Darmanitan,#555,*1,*0.5,*2,*1,*0.5,*0.5,*1,*1,*2,*1,*1,*0.5,*2,*1,*1,*1,*0.5,*0.5
Darmanitan Galarian Form,#555,*1,*2,*1,*1,*1,*0.5,*2,*1,*1,*1,*1,*1,*2,*1,*1,*1,*2,*1
Darmanitan Zen Mode,#555,*1,*0.5,*2,*1,*0.5,*0.5,*0.5,*1,*2,*1,*0.5,*1,*2,*2,*1,*2,*0.5,*0.5
Darmanitan Galarian Zen,#555,*1,*1,*2,*1,*0.5,*0.25,*2,*1,*2,*1,*1,*0.5,*4,*1,*1,*1,*1,*0.5
Maractus,#556,*1,*2,*0.5,*0.5,*0.5,*2,*1,*2,*0.5,*2,*1,*2,*1,*1,*1,*1,*1,*1
Dwebble,#557,*0.5,*1,*2,*1,*1,*1,*1,*0.5,*1,*1,*1,*1,*2,*1,*1,*1,*2,*1
Crustle,#558,*0.5,*1,*2,*1,*1,*1,*1,*0.5,*1,*1,*1,*1,*2,*1,*1,*1,*2,*1
Scraggy,#559,*1,*1,*1,*1,*1,*1,*2,*1,*1,*2,*0,*1,*0.5,*0.5,*1,*0.25,*1,*4
Scrafty,#560,*1,*1,*1,*1,*1,*1,*2,*1,*1,*2,*0,*1,*0.5,*0.5,*1,*0.25,*1,*4
Sigilyph,#561,*1,*1,*1,*2,*0.5,*2,*0.25,*1,*0,*1,*0.5,*1,*2,*2,*1,*2,*1,*1
Yamask,#562,*0,*1,*1,*1,*1,*1,*0,*0.5,*1,*1,*1,*0.5,*1,*2,*1,*2,*1,*1
Yamask Galarian Form,#562,*0,*1,*2,*0,*2,*2,*0,*0.25,*1,*1,*1,*0.5,*0.5,*2,*1,*2,*1,*1
Cofagrigus,#563,*0,*1,*1,*1,*1,*1,*0,*0.5,*1,*1,*1,*0.5,*1,*2,*1,*2,*1,*1
Trubbish,#568,*1,*1,*1,*1,*0.5,*1,*0.5,*0.5,*2,*1,*2,*0.5,*1,*1,*1,*1,*1,*0.5
Garbodor,#569,*1,*1,*1,*1,*0.5,*1,*0.5,*0.5,*2,*1,*2,*0.5,*1,*1,*1,*1,*1,*0.5
Zorua,#570,*1,*1,*1,*1,*1,*1,*2,*1,*1,*1,*0,*2,*1,*0.5,*1,*0.5,*1,*2
Zoroark,#571,*1,*1,*1,*1,*1,*1,*2,*1,*1,*1,*0,*2,*1,*0.5,*1,*0.5,*1,*2
Minccino,#572,*1,*1,*1,*1,*1,*1,*2,*1,*1,*1,*1,*1,*1,*0,*1,*1,*1,*1
Cinccino,#573,*1,*1,*1,*1,*1,*1,*2,*1,*1,*1,*1,*1,*1,*0,*1,*1,*1,*1
Gothita,#574,*1,*1,*1,*1,*1,*1,*0.5,*1,*1,*1,*0.5,*2,*1,*2,*1,*2,*1,*1
Gothorita,#575,*1,*1,*1,*1,*1,*1,*0.5,*1,*1,*1,*0.5,*2,*1,*2,*1,*2,*1,*1
Gothitelle,#576,*1,*1,*1,*1,*1,*1,*0.5,*1,*1,*1,*0.5,*2,*1,*2,*1,*2,*1,*1
Solosis,#577,*1,*1,*1,*1,*1,*1,*0.5,*1,*1,*1,*0.5,*2,*1,*2,*1,*2,*1,*1
Duosion,#578,*1,*1,*1,*1,*1,*1,*0.5,*1,*1,*1,*0.5,*2,*1,*2,*1,*2,*1,*1
Reuniclus,#579,*1,*1,*1,*1,*1,*1,*0.5,*1,*1,*1,*0.5,*2,*1,*2,*1,*2,*1,*1
Vanillite,#582,*1,*2,*1,*1,*1,*0.5,*2,*1,*1,*1,*1,*1,*2,*1,*1,*1,*2,*1
Vanillish,#583,*1,*2,*1,*1,*1,*0.5,*2,*1,*1,*1,*1,*1,*2,*1,*1,*1,*2,*1
Vanilluxe,#584,*1,*2,*1,*1,*1,*0.5,*2,*1,*1,*1,*1,*1,*2,*1,*1,*1,*2,*1
Emolga,#587,*1,*1,*1,*1,*0.5,*2,*0.5,*1,*0,*0.5,*1,*0.5,*2,*1,*1,*1,*0.5,*1
Karrablast,#588,*1,*2,*1,*1,*0.5,*1,*0.5,*1,*0.5,*2,*1,*1,*2,*1,*1,*1,*1,*1
Escavalier,#589,*0.5,*4,*1,*1,*0.25,*0.5,*1,*0,*1,*1,*0.5,*0.5,*1,*1,*0.5,*1,*0.5,*0.5
Foongus,#590,*1,*2,*0.5,*0.5,*0.25,*2,*0.5,*1,*1,*2,*2,*1,*1,*1,*1,*1,*1,*0.5
Amoonguss,#591,*1,*2,*0.5,*0.5,*0.25,*2,*0.5,*1,*1,*2,*2,*1,*1,*1,*1,*1,*1,*0.5
Frillish,#592,*0,*0.5,*0.5,*2,*2,*0.5,*0,*0.5,*1,*1,*1,*0.5,*1,*2,*1,*2,*0.5,*1
Jellicent,#593,*0,*0.5,*0.5,*2,*2,*0.5,*0,*0.5,*1,*1,*1,*0.5,*1,*2,*1,*2,*0.5,*1
Joltik,#595,*1,*2,*1,*0.5,*0.5,*1,*0.5,*1,*1,*1,*1,*1,*2,*1,*1,*1,*0.5,*1
Galvantula,#596,*1,*2,*1,*0.5,*0.5,*1,*0.5,*1,*1,*1,*1,*1,*2,*1,*1,*1,*0.5,*1
Ferroseed,#597,*0.5,*4,*0.5,*0.5,*0.25,*1,*2,*0,*1,*1,*0.5,*1,*0.5,*1,*0.5,*1,*0.5,*0.5
Ferrothorn,#598,*0.5,*4,*0.5,*0.5,*0.25,*1,*2,*0,*1,*1,*0.5,*1,*0.5,*1,*0.5,*1,*0.5,*0.5
Klink,#599,*0.5,*2,*1,*1,*0.5,*0.5,*2,*0,*2,*0.5,*0.5,*0.5,*0.5,*1,*0.5,*1,*0.5,*0.5
Klang,#600,*0.5,*2,*1,*1,*0.5,*0.5,*2,*0,*2,*0.5,*0.5,*0.5,*0.5,*1,*0.5,*1,*0.5,*0.5
Klinklang,#601,*0.5,*2,*1,*1,*0.5,*0.5,*2,*0,*2,*0.5,*0.5,*0.5,*0.5,*1,*0.5,*1,*0.5,*0.5
Elgyem,#605,*1,*1,*1,*1,*1,*1,*0.5,*1,*1,*1,*0.5,*2,*1,*2,*1,*2,*1,*1
Beheeyem,#606,*1,*1,*1,*1,*1,*1,*0.5,*1,*1,*1,*0.5,*2,*1,*2,*1,*2,*1,*1
Litwick,#607,*0,*0.5,*2,*1,*0.5,*0.5,*0,*0.5,*2,*1,*1,*0.25,*2,*2,*1,*2,*0.5,*0.5
Lampent,#608,*0,*0.5,*2,*1,*0.5,*0.5,*0,*0.5,*2,*1,*1,*0.25,*2,*2,*1,*2,*0.5,*0.5
Chandelure,#609,*0,*0.5,*2,*1,*0.5,*0.5,*0,*0.5,*2,*1,*1,*0.25,*2,*2,*1,*2,*0.5,*0.5
Axew,#610,*1,*0.5,*0.5,*0.5,*0.5,*2,*1,*1,*1,*1,*1,*1,*1,*1,*2,*1,*1,*2
Fraxure,#611,*1,*0.5,*0.5,*0.5,*0.5,*2,*1,*1,*1,*1,*1,*1,*1,*1,*2,*1,*1,*2
Haxorus,#612,*1,*0.5,*0.5,*0.5,*0.5,*2,*1,*1,*1,*1,*1,*1,*1,*1,*2,*1,*1,*2
Cubchoo,#613,*1,*2,*1,*1,*1,*0.5,*2,*1,*1,*1,*1,*1,*2,*1,*1,*1,*2,*1
Beartic,#614,*1,*2,*1,*1,*1,*0.5,*2,*1,*1,*1,*1,*1,*2,*1,*1,*1,*2,*1
Shelmet,#616,*1,*2,*1,*1,*0.5,*1,*0.5,*1,*0.5,*2,*1,*1,*2,*1,*1,*1,*1,*1
Accelgor,#617,*1,*2,*1,*1,*0.5,*1,*0.5,*1,*0.5,*2,*1,*1,*2,*1,*1,*1,*1,*1
Stunfisk,#618,*1,*1,*2,*0,*2,*2,*1,*0.5,*2,*0.5,*1,*1,*0.5,*1,*1,*1,*0.5,*1
Stunfisk Galarian Form,#618,*0.5,*2,*2,*0,*1,*1,*2,*0,*2,*0.5,*0.5,*0.5,*0.25,*1,*0.5,*1,*0.5,*0.5
Mienfoo,#619,*1,*1,*1,*1,*1,*1,*1,*1,*1,*2,*2,*0.5,*0.5,*1,*1,*0.5,*1,*2
Mienshao,#620,*1,*1,*1,*1,*1,*1,*1,*1,*1,*2,*2,*0.5,*0.5,*1,*1,*0.5,*1,*2
Druddigon,#621,*1,*0.5,*0.5,*0.5,*0.5,*2,*1,*1,*1,*1,*1,*1,*1,*1,*2,*1,*1,*2
Golett,#622,*0,*1,*2,*0,*2,*2,*0,*0.25,*1,*1,*1,*0.5,*0.5,*2,*1,*2,*1,*1
Golurk,#623,*0,*1,*2,*0,*2,*2,*0,*0.25,*1,*1,*1,*0.5,*0.5,*2,*1,*2,*1,*1
Pawniard,#624,*0.5,*2,*1,*1,*0.5,*0.5,*4,*0,*2,*0.5,*0,*1,*0.5,*0.5,*0.5,*0.5,*0.5,*1
Bisharp,#625,*0.5,*2,*1,*1,*0.5,*0.5,*4,*0,*2,*0.5,*0,*1,*0.5,*0.5,*0.5,*0.5,*0.5,*1
Bouffalant,#626,*1,*1,*1,*1,*1,*1,*2,*1,*1,*1,*1,*1,*1,*0,*1,*1,*1,*1
Rufflet,#627,*1,*1,*1,*2,*0.5,*2,*1,*1,*0,*1,*1,*0.5,*2,*0,*1,*1,*1,*1
Braviary,#628,*1,*1,*1,*2,*0.5,*2,*1,*1,*0,*1,*1,*0.5,*2,*0,*1,*1,*1,*1
Vullaby,#629,*1,*1,*1,*2,*0.5,*2,*1,*1,*0,*1,*0,*1,*2,*0.5,*1,*0.5,*1,*2
Mandibuzz,#630,*1,*1,*1,*2,*0.5,*2,*1,*1,*0,*1,*0,*1,*2,*0.5,*1,*0.5,*1,*2
Heatmor,#631,*1,*0.5,*2,*1,*0.5,*0.5,*1,*1,*2,*1,*1,*0.5,*2,*1,*1,*1,*0.5,*0.5
Durant,#632,*0.5,*4,*1,*1,*0.25,*0.5,*1,*0,*1,*1,*0.5,*0.5,*1,*1,*0.5,*1,*0.5,*0.5
Deino,#633,*1,*0.5,*0.5,*0.5,*0.5,*2,*2,*1,*1,*1,*0,*2,*1,*0.5,*2,*0.5,*1,*4
Zweilous,#634,*1,*0.5,*0.5,*0.5,*0.5,*2,*2,*1,*1,*1,*0,*2,*1,*0.5,*2,*0.5,*1,*4
Hydreigon,#635,*1,*0.5,*0.5,*0.5,*0.5,*2,*2,*1,*1,*1,*0,*2,*1,*0.5,*2,*0.5,*1,*4
Larvesta,#636,*1,*1,*2,*1,*0.25,*0.5,*0.5,*1,*1,*2,*1,*0.5,*4,*1,*1,*1,*0.5,*0.5
Volcarona,#637,*1,*1,*2,*1,*0.25,*0.5,*0.5,*1,*1,*2,*1,*0.5,*4,*1,*1,*1,*0.5,*0.5
Cobalion,#638,*0.5,*2,*1,*1,*0.5,*0.5,*2,*0,*2,*1,*1,*0.25,*0.25,*1,*0.5,*0.5,*0.5,*1
Terrakion,#639,*0.5,*0.5,*2,*1,*2,*1,*2,*0.5,*2,*1,*2,*0.5,*0.5,*1,*1,*0.5,*2,*2
Virizion,#640,*1,*2,*0.5,*0.5,*0.5,*2,*1,*2,*0.5,*4,*2,*1,*0.5,*1,*1,*0.5,*1,*2
Reshiram,#643,*1,*0.25,*1,*0.5,*0.25,*1,*1,*1,*2,*1,*1,*0.5,*2,*1,*2,*1,*0.5,*1
Zekrom,#644,*1,*0.5,*0.5,*0.25,*0.5,*2,*1,*1,*2,*0.5,*1,*1,*1,*1,*2,*1,*0.5,*2
Kyurem,#646,*1,*1,*0.5,*0.5,*0.5,*1,*2,*1,*1,*1,*1,*1,*2,*1,*2,*1,*2,*2
Keldeo,#647,*1,*0.5,*0.5,*2,*2,*0.5,*1,*1,*1,*2,*2,*0.5,*0.5,*1,*1,*0.5,*0.5,*2
Bunnelby,#659,*1,*1,*1,*1,*1,*1,*2,*1,*1,*1,*1,*1,*1,*0,*1,*1,*1,*1
Diggersby,#660,*1,*1,*2,*0,*2,*2,*2,*0.5,*1,*1,*1,*1,*0.5,*0,*1,*1,*1,*1
Fletchling,#661,*1,*1,*1,*2,*0.5,*2,*1,*1,*0,*1,*1,*0.5,*2,*0,*1,*1,*1,*1
Fletchinder,#662,*1,*0.5,*2,*2,*0.25,*1,*0.5,*1,*0,*1,*1,*0.25,*4,*1,*1,*1,*0.5,*0.5
Talonflame,#663,*1,*0.5,*2,*2,*0.25,*1,*0.5,*1,*0,*1,*1,*0.25,*4,*1,*1,*1,*0.5,*0.5
Pancham,#674,*1,*1,*1,*1,*1,*1,*1,*1,*1,*2,*2,*0.5,*0.5,*1,*1,*0.5,*1,*2
Pangoro,#675,*1,*1,*1,*1,*1,*1,*2,*1,*1,*2,*0,*1,*0.5,*0.5,*1,*0.25,*1,*4
Espurr,#677,*1,*1,*1,*1,*1,*1,*0.5,*1,*1,*1,*0.5,*2,*1,*2,*1,*2,*1,*1
Meowstic,#678,*1,*1,*1,*1,*1,*1,*0.5,*1,*1,*1,*0.5,*2,*1,*2,*1,*2,*1,*1
Honedge,#679,*0,*2,*1,*1,*0.5,*0.5,*0,*0,*2,*0.5,*0.5,*0.25,*0.5,*2,*0.5,*2,*0.5,*0.5
Doublade,#680,*0,*2,*1,*1,*0.5,*0.5,*0,*0,*2,*0.5,*0.5,*0.25,*0.5,*2,*0.5,*2,*0.5,*0.5
Aegislash,#681,*0,*2,*1,*1,*0.5,*0.5,*0,*0,*2,*0.5,*0.5,*0.25,*0.5,*2,*0.5,*2,*0.5,*0.5
Spritzee,#682,*1,*1,*1,*1,*1,*1,*0.5,*2,*1,*1,*1,*0.5,*1,*1,*0,*0.5,*2,*1
Aromatisse,#683,*1,*1,*1,*1,*1,*1,*0.5,*2,*1,*1,*1,*0.5,*1,*1,*0,*0.5,*2,*1
Swirlix,#684,*1,*1,*1,*1,*1,*1,*0.5,*2,*1,*1,*1,*0.5,*1,*1,*0,*0.5,*2,*1
Slurpuff,#685,*1,*1,*1,*1,*1,*1,*0.5,*2,*1,*1,*1,*0.5,*1,*1,*0,*0.5,*2,*1
Inkay,#686,*1,*1,*1,*1,*1,*1,*1,*1,*1,*1,*0,*4,*1,*1,*1,*1,*1,*2
Malamar,#687,*1,*1,*1,*1,*1,*1,*1,*1,*1,*1,*0,*4,*1,*1,*1,*1,*1,*2
Binacle,#688,*0.5,*0.25,*1,*2,*4,*0.5,*2,*0.5,*2,*0.5,*1,*1,*1,*1,*1,*1,*1,*1
Barbaracle,#689,*0.5,*0.25,*1,*2,*4,*0.5,*2,*0.5,*2,*0.5,*1,*1,*1,*1,*1,*1,*1,*1
Skrelp,#690,*1,*0.5,*0.5,*2,*1,*0.5,*0.5,*0.5,*2,*1,*2,*0.5,*1,*1,*1,*1,*0.5,*0.5
Dragalge,#691,*1,*0.5,*0.5,*0.5,*0.25,*2,*0.5,*0.5,*2,*1,*2,*0.5,*1,*1,*2,*1,*1,*1
Clauncher,#692,*1,*0.5,*0.5,*2,*2,*0.5,*1,*1,*1,*1,*1,*1,*1,*1,*1,*1,*0.5,*1
Clawitzer,#693,*1,*0.5,*0.5,*2,*2,*0.5,*1,*1,*1,*1,*1,*1,*1,*1,*1,*1,*0.5,*1
Helioptile,#694,*1,*1,*1,*0.5,*1,*1,*2,*1,*2,*0.5,*1,*1,*1,*0,*1,*1,*0.5,*1
Heliolisk,#695,*1,*1,*1,*0.5,*1,*1,*2,*1,*2,*0.5,*1,*1,*1,*0,*1,*1,*0.5,*1
Sylveon,#700,*1,*1,*1,*1,*1,*1,*0.5,*2,*1,*1,*1,*0.5,*1,*1,*0,*0.5,*2,*1
Hawlucha,#701,*1,*1,*1,*2,*0.5,*2,*0.5,*1,*0,*2,*2,*0.25,*1,*1,*1,*0.5,*1,*2
Dedenne,#702,*1,*1,*1,*0.5,*1,*1,*0.5,*2,*2,*0.5,*1,*0.5,*1,*1,*0,*0.5,*1,*1
Goomy,#704,*1,*0.5,*0.5,*0.5,*0.5,*2,*1,*1,*1,*1,*1,*1,*1,*1,*2,*1,*1,*2
Sliggoo,#705,*1,*0.5,*0.5,*0.5,*0.5,*2,*1,*1,*1,*1,*1,*1,*1,*1,*2,*1,*1,*2
Goodra,#706,*1,*0.5,*0.5,*0.5,*0.5,*2,*1,*1,*1,*1,*1,*1,*1,*1,*2,*1,*1,*2
Klefki,#707,*0.5,*2,*1,*1,*0.5,*0.5,*1,*0,*2,*0.5,*0.5,*0.25,*0.5,*1,*0,*0.5,*1,*0.5
Phantump,#708,*0,*2,*0.5,*0.5,*0.5,*2,*0,*1,*0.5,*2,*1,*1,*1,*2,*1,*2,*1,*1
Trevenant,#709,*0,*2,*0.5,*0.5,*0.5,*2,*0,*1,*0.5,*2,*1,*1,*1,*2,*1,*2,*1,*1
Pumpkaboo,#710,*0,*2,*0.5,*0.5,*0.5,*2,*0,*1,*0.5,*2,*1,*1,*1,*2,*1,*2,*1,*1
Gourgeist,#711,*0,*2,*0.5,*0.5,*0.5,*2,*0,*1,*0.5,*2,*1,*1,*1,*2,*1,*2,*1,*1
Bergmite,#712,*1,*2,*1,*1,*1,*0.5,*2,*1,*1,*1,*1,*1,*2,*1,*1,*1,*2,*1
Avalugg,#713,*1,*2,*1,*1,*1,*0.5,*2,*1,*1,*1,*1,*1,*2,*1,*1,*1,*2,*1
Noibat,#714,*1,*0.5,*0.5,*1,*0.25,*4,*0.5,*1,*0,*1,*1,*0.5,*2,*1,*2,*1,*1,*2
Noivern,#715,*1,*0.5,*0.5,*1,*0.25,*4,*0.5,*1,*0,*1,*1,*0.5,*2,*1,*2,*1,*1,*2
Rowlet,#722,*1,*2,*0.5,*1,*0.25,*4,*0.5,*2,*0,*2,*1,*1,*2,*1,*1,*1,*1,*1
Dartrix,#723,*1,*2,*0.5,*1,*0.25,*4,*0.5,*2,*0,*2,*1,*1,*2,*1,*1,*1,*1,*1
Decidueye,#724,*0,*2,*0.5,*0.5,*0.5,*2,*0,*1,*0.5,*2,*1,*1,*1,*2,*1,*2,*1,*1
Litten,#725,*1,*0.5,*2,*1,*0.5,*0.5,*1,*1,*2,*1,*1,*0.5,*2,*1,*1,*1,*0.5,*0.5
Torracat,#726,*1,*0.5,*2,*1,*0.5,*0.5,*1,*1,*2,*1,*1,*0.5,*2,*1,*1,*1,*0.5,*0.5
Incineroar,#727,*1,*0.5,*2,*1,*0.5,*0.5,*2,*1,*2,*1,*0,*1,*2,*0.5,*1,*0.5,*0.5,*1
Popplio,#728,*1,*0.5,*0.5,*2,*2,*0.5,*1,*1,*1,*1,*1,*1,*1,*1,*1,*1,*0.5,*1
Brionne,#729,*1,*0.5,*0.5,*2,*2,*0.5,*1,*1,*1,*1,*1,*1,*1,*1,*1,*1,*0.5,*1
Primarina,#730,*1,*0.5,*0.5,*2,*2,*0.5,*0.5,*2,*1,*1,*1,*0.5,*1,*1,*0,*0.5,*1,*1
Grubbin,#736,*1,*2,*1,*1,*0.5,*1,*0.5,*1,*0.5,*2,*1,*1,*2,*1,*1,*1,*1,*1
Charjabug,#737,*1,*2,*1,*0.5,*0.5,*1,*0.5,*1,*1,*1,*1,*1,*2,*1,*1,*1,*0.5,*1
Vikavolt,#738,*1,*2,*1,*0.5,*0.5,*1,*0.5,*1,*1,*1,*1,*1,*2,*1,*1,*1,*0.5,*1
Cutiefly,#742,*1,*2,*1,*1,*0.5,*1,*0.25,*2,*0.5,*2,*1,*0.5,*2,*1,*0,*0.5,*2,*1
Ribombee,#743,*1,*2,*1,*1,*0.5,*1,*0.25,*2,*0.5,*2,*1,*0.5,*2,*1,*0,*0.5,*2,*1
Rockruff,#744,*0.5,*0.5,*2,*1,*2,*1,*2,*0.5,*2,*0.5,*1,*1,*1,*1,*1,*1,*2,*1
Lycanroc,#745,*0.5,*0.5,*2,*1,*2,*1,*2,*0.5,*2,*0.5,*1,*1,*1,*1,*1,*1,*2,*1
Wishiwashi,#746,*1,*0.5,*0.5,*2,*2,*0.5,*1,*1,*1,*1,*1,*1,*1,*1,*1,*1,*0.5,*1
Mareanie,#747,*1,*0.5,*0.5,*2,*1,*0.5,*0.5,*0.5,*2,*1,*2,*0.5,*1,*1,*1,*1,*0.5,*0.5
Toxapex,#748,*1,*0.5,*0.5,*2,*1,*0.5,*0.5,*0.5,*2,*1,*2,*0.5,*1,*1,*1,*1,*0.5,*0.5
Mudbray,#749,*1,*1,*2,*0,*2,*2,*1,*0.5,*1,*1,*1,*1,*0.5,*1,*1,*1,*1,*1
Mudsdale,#750,*1,*1,*2,*0,*2,*2,*1,*0.5,*1,*1,*1,*1,*0.5,*1,*1,*1,*1,*1
Dewpider,#751,*1,*1,*0.5,*2,*1,*0.5,*0.5,*1,*0.5,*2,*1,*1,*2,*1,*1,*1,*0.5,*1
Araquanid,#752,*1,*1,*0.5,*2,*1,*0.5,*0.5,*1,*0.5,*2,*1,*1,*2,*1,*1,*1,*0.5,*1
Fomantis,#753,*1,*2,*0.5,*0.5,*0.5,*2,*1,*2,*0.5,*2,*1,*2,*1,*1,*1,*1,*1,*1
Lurantis,#754,*1,*2,*0.5,*0.5,*0.5,*2,*1,*2,*0.5,*2,*1,*2,*1,*1,*1,*1,*1,*1
Morelull,#755,*1,*2,*0.5,*0.5,*0.5,*2,*0.5,*4,*0.5,*2,*1,*1,*1,*1,*0,*0.5,*2,*1
Shiinotic,#756,*1,*2,*0.5,*0.5,*0.5,*2,*0.5,*4,*0.5,*2,*1,*1,*1,*1,*0,*0.5,*2,*1
Salandit,#757,*1,*0.5,*2,*1,*0.25,*0.5,*0.5,*0.5,*4,*1,*2,*0.25,*2,*1,*1,*1,*0.5,*0.25
Salazzle,#758,*1,*0.5,*2,*1,*0.25,*0.5,*0.5,*0.5,*4,*1,*2,*0.25,*2,*1,*1,*1,*0.5,*0.25
Stufful,#759,*1,*1,*1,*1,*1,*1,*2,*1,*1,*2,*2,*0.5,*0.5,*0,*1,*0.5,*1,*2
Bewear,#760,*1,*1,*1,*1,*1,*1,*2,*1,*1,*2,*2,*0.5,*0.5,*0,*1,*0.5,*1,*2
Bounsweet,#761,*1,*2,*0.5,*0.5,*0.5,*2,*1,*2,*0.5,*2,*1,*2,*1,*1,*1,*1,*1,*1
Steenee,#762,*1,*2,*0.5,*0.5,*0.5,*2,*1,*2,*0.5,*2,*1,*2,*1,*1,*1,*1,*1,*1
Tsareena,#763,*1,*2,*0.5,*0.5,*0.5,*2,*1,*2,*0.5,*2,*1,*2,*1,*1,*1,*1,*1,*1
Comfey,#764,*1,*1,*1,*1,*1,*1,*0.5,*2,*1,*1,*1,*0.5,*1,*1,*0,*0.5,*2,*1
Oranguru,#765,*1,*1,*1,*1,*1,*1,*1,*1,*1,*1,*0.5,*2,*1,*0,*1,*2,*1,*1
Passimian,#766,*1,*1,*1,*1,*1,*1,*1,*1,*1,*2,*2,*0.5,*0.5,*1,*1,*0.5,*1,*2
Wimpod,#767,*1,*1,*0.5,*2,*1,*0.5,*0.5,*1,*0.5,*2,*1,*1,*2,*1,*1,*1,*0.5,*1
Golisopod,#768,*1,*1,*0.5,*2,*1,*0.5,*0.5,*1,*0.5,*2,*1,*1,*2,*1,*1,*1,*0.5,*1
Sandygast,#769,*0,*1,*2,*0,*2,*2,*0,*0.25,*1,*1,*1,*0.5,*0.5,*2,*1,*2,*1,*1
Palossand,#770,*0,*1,*2,*0,*2,*2,*0,*0.25,*1,*1,*1,*0.5,*0.5,*2,*1,*2,*1,*1
Pyukumuku,#771,*1,*0.5,*0.5,*2,*2,*0.5,*1,*1,*1,*1,*1,*1,*1,*1,*1,*1,*0.5,*1
Type:Null,#772,*1,*1,*1,*1,*1,*1,*2,*1,*1,*1,*1,*1,*1,*0,*1,*1,*1,*1
Silvally,#773,*1,*1,*1,*1,*1,*1,*2,*1,*1,*1,*1,*1,*1,*0,*1,*1,*1,*1
Turtonator,#776,*1,*0.25,*1,*0.5,*0.25,*1,*1,*1,*2,*1,*1,*0.5,*2,*1,*2,*1,*0.5,*1
Togedemaru,#777,*0.5,*2,*1,*0.5,*0.5,*0.5,*2,*0,*4,*0.25,*0.5,*0.5,*0.5,*1,*0.5,*1,*0.25,*0.5
Mimikyu,#778,*0,*1,*1,*1,*1,*1,*0,*1,*1,*1,*1,*0.25,*1,*2,*0,*1,*2,*1
Drampa,#780,*1,*0.5,*0.5,*0.5,*0.5,*2,*2,*1,*1,*1,*1,*1,*1,*0,*2,*1,*1,*2
Dhelmise,#781,*0,*2,*0.5,*0.5,*0.5,*2,*0,*1,*0.5,*2,*1,*1,*1,*2,*1,*2,*1,*1
Jangmo-o,#782,*1,*0.5,*0.5,*0.5,*0.5,*2,*1,*1,*1,*1,*1,*1,*1,*1,*2,*1,*1,*2
Hakamo-o,#783,*1,*0.5,*0.5,*0.5,*0.5,*2,*1,*1,*1,*2,*2,*0.5,*0.5,*1,*2,*0.5,*1,*4
Kommo-o,#784,*1,*0.5,*0.5,*0.5,*0.5,*2,*1,*1,*1,*2,*2,*0.5,*0.5,*1,*2,*0.5,*1,*4
Cosmog,#789,*1,*1,*1,*1,*1,*1,*0.5,*1,*1,*1,*0.5,*2,*1,*2,*1,*2,*1,*1
Cosmoem,#790,*1,*1,*1,*1,*1,*1,*0.5,*1,*1,*1,*0.5,*2,*1,*2,*1,*2,*1,*1
Solgaleo,#791,*0.5,*2,*1,*1,*0.5,*0.5,*1,*0,*2,*0.5,*0.25,*1,*0.5,*2,*0.5,*2,*0.5,*0.5
Lunala,#792,*0,*1,*1,*1,*1,*1,*0,*0.5,*1,*1,*0.5,*1,*1,*4,*1,*4,*1,*1
Necrozma,#800,*1,*1,*1,*1,*1,*1,*0.5,*1,*1,*1,*0.5,*2,*1,*2,*1,*2,*1,*1
Magearna,#801,*0.5,*2,*1,*1,*0.5,*0.5,*1,*0,*2,*0.5,*0.5,*0.25,*0.5,*1,*0,*0.5,*1,*0.5
Marshadow,#802,*0,*1,*1,*1,*1,*1,*0,*0.5,*1,*2,*2,*0.25,*0.5,*2,*1,*1,*1,*2
Zeraora,#807,*1,*1,*1,*0.5,*1,*1,*1,*1,*2,*0.5,*1,*1,*1,*1,*1,*1,*0.5,*1
Meltan,#808,*0.5,*2,*1,*1,*0.5,*0.5,*2,*0,*2,*0.5,*0.5,*0.5,*0.5,*1,*0.5,*1,*0.5,*0.5
Melmetal,#809,*0.5,*2,*1,*1,*0.5,*0.5,*2,*0,*2,*0.5,*0.5,*0.5,*0.5,*1,*0.5,*1,*0.5,*0.5
Grookey,#810,*1,*2,*0.5,*0.5,*0.5,*2,*1,*2,*0.5,*2,*1,*2,*1,*1,*1,*1,*1,*1
Thwackey,#811,*1,*2,*0.5,*0.5,*0.5,*2,*1,*2,*0.5,*2,*1,*2,*1,*1,*1,*1,*1,*1
Rillaboom,#812,*1,*2,*0.5,*0.5,*0.5,*2,*1,*2,*0.5,*2,*1,*2,*1,*1,*1,*1,*1,*1
Scorbunny,#813,*1,*0.5,*2,*1,*0.5,*0.5,*1,*1,*2,*1,*1,*0.5,*2,*1,*1,*1,*0.5,*0.5
Raboot,#814,*1,*0.5,*2,*1,*0.5,*0.5,*1,*1,*2,*1,*1,*0.5,*2,*1,*1,*1,*0.5,*0.5
Cinderace,#815,*1,*0.5,*2,*1,*0.5,*0.5,*1,*1,*2,*1,*1,*0.5,*2,*1,*1,*1,*0.5,*0.5
Sobble,#816,*1,*0.5,*0.5,*2,*2,*0.5,*1,*1,*1,*1,*1,*1,*1,*1,*1,*1,*0.5,*1
Drizzile,#817,*1,*0.5,*0.5,*2,*2,*0.5,*1,*1,*1,*1,*1,*1,*1,*1,*1,*1,*0.5,*1
Inteleon,#818,*1,*0.5,*0.5,*2,*2,*0.5,*1,*1,*1,*1,*1,*1,*1,*1,*1,*1,*0.5,*1
Skwovet,#819,*1,*1,*1,*1,*1,*1,*2,*1,*1,*1,*1,*1,*1,*0,*1,*1,*1,*1
Greedent,#820,*1,*1,*1,*1,*1,*1,*2,*1,*1,*1,*1,*1,*1,*0,*1,*1,*1,*1
Rookidee,#821,*1,*1,*1,*2,*0.5,*2,*0.5,*1,*0,*1,*1,*0.5,*2,*1,*1,*1,*1,*1
Corvisquire,#822,*1,*1,*1,*2,*0.5,*2,*0.5,*1,*0,*1,*1,*0.5,*2,*1,*1,*1,*1,*1
Corviknight,#823,*0.5,*2,*1,*2,*0.25,*1,*1,*0,*0,*0.5,*0.5,*0.25,*1,*1,*0.5,*1,*0.5,*0.5
Blipbug,#824,*1,*2,*1,*1,*0.5,*1,*0.5,*1,*0.5,*2,*1,*1,*2,*1,*1,*1,*1,*1
Dottler,#825,*1,*2,*1,*1,*0.5,*1,*0.25,*1,*0.5,*2,*0.5,*2,*2,*2,*1,*2,*1,*1
Orbeetle,#826,*1,*2,*1,*1,*0.5,*1,*0.25,*1,*0.5,*2,*0.5,*2,*2,*2,*1,*2,*1,*1
Nickit,#827,*1,*1,*1,*1,*1,*1,*2,*1,*1,*1,*0,*2,*1,*0.5,*1,*0.5,*1,*2
Thievul,#828,*1,*1,*1,*1,*1,*1,*2,*1,*1,*1,*0,*2,*1,*0.5,*1,*0.5,*1,*2
Gossifleur,#829,*1,*2,*0.5,*0.5,*0.5,*2,*1,*2,*0.5,*2,*1,*2,*1,*1,*1,*1,*1,*1
Eldegoss,#830,*1,*2,*0.5,*0.5,*0.5,*2,*1,*2,*0.5,*2,*1,*2,*1,*1,*1,*1,*1,*1
Wooloo,#831,*1,*1,*1,*1,*1,*1,*2,*1,*1,*1,*1,*1,*1,*0,*1,*1,*1,*1
Dubwool,#832,*1,*1,*1,*1,*1,*1,*2,*1,*1,*1,*1,*1,*1,*0,*1,*1,*1,*1
Chewtle,#833,*1,*0.5,*0.5,*2,*2,*0.5,*1,*1,*1,*1,*1,*1,*1,*1,*1,*1,*0.5,*1
Drednaw,#834,*0.5,*0.25,*1,*2,*4,*0.5,*2,*0.5,*2,*0.5,*1,*1,*1,*1,*1,*1,*1,*1
Yamper,#835,*1,*1,*1,*0.5,*1,*1,*1,*1,*2,*0.5,*1,*1,*1,*1,*1,*1,*0.5,*1
Boltund,#836,*1,*1,*1,*0.5,*1,*1,*1,*1,*2,*0.5,*1,*1,*1,*1,*1,*1,*0.5,*1
Rolycoly,#837,*0.5,*0.5,*2,*1,*2,*1,*2,*0.5,*2,*0.5,*1,*1,*1,*1,*1,*1,*2,*1
Carkol,#838,*0.5,*0.25,*4,*1,*1,*0.5,*2,*0.5,*4,*0.5,*1,*0.5,*2,*1,*1,*1,*1,*0.5
Coalossal,#839,*0.5,*0.25,*4,*1,*1,*0.5,*2,*0.5,*4,*0.5,*1,*0.5,*2,*1,*1,*1,*1,*0.5
Applin,#840,*1,*1,*0.25,*0.25,*0.25,*4,*1,*2,*0.5,*2,*1,*2,*1,*1,*2,*1,*1,*2
Flapple,#841,*1,*1,*0.25,*0.25,*0.25,*4,*1,*2,*0.5,*2,*1,*2,*1,*1,*2,*1,*1,*2
Appletun,#842,*1,*1,*0.25,*0.25,*0.25,*4,*1,*2,*0.5,*2,*1,*2,*1,*1,*2,*1,*1,*2
Silicobra,#843,*1,*1,*2,*0,*2,*2,*1,*0.5,*1,*1,*1,*1,*0.5,*1,*1,*1,*1,*1
Sandaconda,#844,*1,*1,*2,*0,*2,*2,*1,*0.5,*1,*1,*1,*1,*0.5,*1,*1,*1,*1,*1
Cramorant,#845,*1,*0.5,*0.5,*4,*1,*1,*0.5,*1,*0,*1,*1,*0.5,*2,*1,*1,*1,*0.5,*1
Arrokuda,#846,*1,*0.5,*0.5,*2,*2,*0.5,*1,*1,*1,*1,*1,*1,*1,*1,*1,*1,*0.5,*1
Barraskewda,#847,*1,*0.5,*0.5,*2,*2,*0.5,*1,*1,*1,*1,*1,*1,*1,*1,*1,*1,*0.5,*1
Toxel,#848,*1,*1,*1,*0.5,*0.5,*1,*0.5,*0.5,*4,*0.5,*2,*0.5,*1,*1,*1,*1,*0.5,*0.5
Toxtricity,#849,*1,*1,*1,*0.5,*0.5,*1,*0.5,*0.5,*4,*0.5,*2,*0.5,*1,*1,*1,*1,*0.5,*0.5
Sizzlipede,#850,*1,*1,*2,*1,*0.25,*0.5,*0.5,*1,*1,*2,*1,*0.5,*4,*1,*1,*1,*0.5,*0.5
Centiskorch,#851,*1,*1,*2,*1,*0.25,*0.5,*0.5,*1,*1,*2,*1,*0.5,*4,*1,*1,*1,*0.5,*0.5
Clobbopus,#852,*1,*1,*1,*1,*1,*1,*1,*1,*1,*2,*2,*0.5,*0.5,*1,*1,*0.5,*1,*2
Grapploct,#853,*1,*1,*1,*1,*1,*1,*1,*1,*1,*2,*2,*0.5,*0.5,*1,*1,*0.5,*1,*2
Sinistea,#854,*0,*1,*1,*1,*1,*1,*0,*0.5,*1,*1,*1,*0.5,*1,*2,*1,*2,*1,*1
Polteageist,#855,*0,*1,*1,*1,*1,*1,*0,*0.5,*1,*1,*1,*0.5,*1,*2,*1,*2,*1,*1
Hatenna,#856,*1,*1,*1,*1,*1,*1,*0.5,*1,*1,*1,*0.5,*2,*1,*2,*1,*2,*1,*1
Hattrem,#857,*1,*1,*1,*1,*1,*1,*0.5,*1,*1,*1,*0.5,*2,*1,*2,*1,*2,*1,*1
Hatterene,#858,*1,*1,*1,*1,*1,*1,*0.25,*2,*1,*1,*0.5,*1,*1,*2,*0,*1,*2,*1
Impidimp,#859,*1,*1,*1,*1,*1,*1,*1,*2,*1,*1,*0,*1,*1,*0.5,*0,*0.25,*2,*2
Morgrem,#860,*1,*1,*1,*1,*1,*1,*1,*2,*1,*1,*0,*1,*1,*0.5,*0,*0.25,*2,*2
Grimmsnarl,#861,*1,*1,*1,*1,*1,*1,*1,*2,*1,*1,*0,*1,*1,*0.5,*0,*0.25,*2,*2
Obstagoon,#862,*1,*1,*1,*1,*1,*1,*4,*1,*1,*1,*0,*2,*1,*0,*1,*0.5,*1,*2
Perrserker,#863,*0.5,*2,*1,*1,*0.5,*0.5,*2,*0,*2,*0.5,*0.5,*0.5,*0.5,*1,*0.5,*1,*0.5,*0.5
Cursola,#864,*0,*1,*1,*1,*1,*1,*0,*0.5,*1,*1,*1,*0.5,*1,*2,*1,*2,*1,*1
Sirfetch'd,#865,*1,*1,*1,*1,*1,*1,*1,*1,*1,*2,*2,*0.5,*0.5,*1,*1,*0.5,*1,*2
Mr.Rime,#866,*1,*2,*1,*1,*1,*0.5,*1,*1,*1,*1,*0.5,*2,*2,*2,*1,*2,*2,*1
Runerigus,#867,*0,*1,*2,*0,*2,*2,*0,*0.25,*1,*1,*1,*0.5,*0.5,*2,*1,*2,*1,*1
Milcery,#868,*1,*1,*1,*1,*1,*1,*0.5,*2,*1,*1,*1,*0.5,*1,*1,*0,*0.5,*2,*1
Alcremie,#869,*1,*1,*1,*1,*1,*1,*0.5,*2,*1,*1,*1,*0.5,*1,*1,*0,*0.5,*2,*1
Falinks,#870,*1,*1,*1,*1,*1,*1,*1,*1,*1,*2,*2,*0.5,*0.5,*1,*1,*0.5,*1,*2
Pincurchin,#871,*1,*1,*1,*0.5,*1,*1,*1,*1,*2,*0.5,*1,*1,*1,*1,*1,*1,*0.5,*1
Snom,#872,*1,*4,*1,*1,*0.5,*0.5,*1,*1,*0.5,*2,*1,*1,*4,*1,*1,*1,*2,*1
Frosmoth,#873,*1,*4,*1,*1,*0.5,*0.5,*1,*1,*0.5,*2,*1,*1,*4,*1,*1,*1,*2,*1
Stonjourner,#874,*0.5,*0.5,*2,*1,*2,*1,*2,*0.5,*2,*0.5,*1,*1,*1,*1,*1,*1,*2,*1
Eiscue,#875,*1,*2,*1,*1,*1,*0.5,*2,*1,*1,*1,*1,*1,*2,*1,*1,*1,*2,*1
Indeedee,#876,*1,*1,*1,*1,*1,*1,*1,*1,*1,*1,*0.5,*2,*1,*0,*1,*2,*1,*1
Morpeko,#877,*1,*1,*1,*0.5,*1,*1,*2,*1,*2,*0.5,*0,*2,*1,*0.5,*1,*0.5,*0.5,*2
Cufant,#878,*0.5,*2,*1,*1,*0.5,*0.5,*2,*0,*2,*0.5,*0.5,*0.5,*0.5,*1,*0.5,*1,*0.5,*0.5
Copperajah,#879,*0.5,*2,*1,*1,*0.5,*0.5,*2,*0,*2,*0.5,*0.5,*0.5,*0.5,*1,*0.5,*1,*0.5,*0.5
Dracozolt,#880,*1,*0.5,*0.5,*0.25,*0.5,*2,*1,*1,*2,*0.5,*1,*1,*1,*1,*2,*1,*0.5,*2
Arctozolt,#881,*1,*2,*1,*0.5,*1,*0.5,*2,*1,*2,*0.5,*1,*1,*2,*1,*1,*1,*1,*1
Dracovish,#882,*1,*0.25,*0.25,*1,*1,*1,*1,*1,*1,*1,*1,*1,*1,*1,*2,*1,*0.5,*2
Arctovish,#883,*1,*1,*0.5,*2,*2,*0.25,*2,*1,*1,*1,*1,*1,*2,*1,*1,*1,*1,*1
Duraludon,#884,*0.5,*1,*0.5,*0.5,*0.25,*1,*2,*0,*2,*0.5,*0.5,*0.5,*0.5,*1,*1,*1,*0.5,*1
Dreepy,#885,*0,*0.5,*0.5,*0.5,*0.5,*2,*0,*0.5,*1,*1,*1,*0.5,*1,*2,*2,*2,*1,*2
Drakloak,#886,*0,*0.5,*0.5,*0.5,*0.5,*2,*0,*0.5,*1,*1,*1,*0.5,*1,*2,*2,*2,*1,*2
Dragapult,#887,*0,*0.5,*0.5,*0.5,*0.5,*2,*0,*0.5,*1,*1,*1,*0.5,*1,*2,*2,*2,*1,*2
Zacian,#888,*1,*1,*1,*1,*1,*1,*0.5,*2,*1,*1,*1,*0.5,*1,*1,*0,*0.5,*2,*1
Zacian Crown Sword,#888,*0.5,*2,*1,*1,*0.5,*0.5,*1,*0,*2,*0.5,*0.5,*0.25,*0.5,*1,*0,*0.5,*1,*0.5
Zamazenta,#889,*1,*1,*1,*1,*1,*1,*1,*1,*1,*2,*2,*0.5,*0.5,*1,*1,*0.5,*1,*2
Zamazenta Crown Sword,#889,*0.5,*2,*1,*1,*0.5,*0.5,*2,*0,*2,*1,*1,*0.25,*0.25,*1,*0.5,*0.5,*0.5,*1
Eternatus,#890,*1,*0.5,*0.5,*0.5,*0.25,*2,*0.5,*0.5,*2,*1,*2,*0.5,*1,*1,*2,*1,*1,*1
Kubfu,#891,*1,*1,*1,*1,*1,*1,*1,*1,*1,*2,*2,*0.5,*0.5,*1,*1,*0.5,*1,*2
Urshifu,#892,*1,*1,*1,*1,*1,*1,*2,*1,*1,*2,*0,*1,*0.5,*0.5,*1,*0.25,*1,*4
Urshifu Rapid Strike,#892,*1,*0.5,*0.5,*2,*2,*0.5,*1,*1,*1,*2,*2,*0.5,*0.5,*1,*1,*0.5,*0.5,*2
Zarude,#893,*1,*2,*0.5,*0.5,*0.5,*2,*2,*2,*0.5,*2,*0,*4,*1,*0.5,*1,*0.5,*1,*2
